Number;End date;Beg date;Name
К858АУ;04.07.2018;11.06.2018;Макаров
Т954ЕУ;04.07.2018;11.06.2018;Комаров
Х825ХО;04.07.2018;11.06.2018;Васильев
Н045УА;04.07.2018;11.06.2018;Беляев
С101ВМ;04.07.2018;11.06.2018;Лебедев
Х007КА;04.07.2018;11.06.2018;Петров
В017ММ;04.07.2018;11.06.2018;Голубев
О700НТ;04.07.2018;11.06.2018;Смирнов
К435МУ;04.07.2018;11.06.2018;Макаров
Е919ВМ;04.07.2018;11.06.2018;Воробьёв
Р075ВР;04.07.2018;11.06.2018;Кузнецов
У344НР;04.07.2018;11.06.2018;Новиков
У807ЕА;04.07.2018;11.06.2018;Титов
К311ОУ;04.07.2018;11.06.2018;Кузьмин
А705ТР;04.07.2018;11.06.2018;Комаров
С390МА;04.07.2018;11.06.2018;Кузнецов
Р121УС;04.07.2018;11.06.2018;Козлов
Н598НН;04.07.2018;11.06.2018;Кузьмин
Н439НА;04.07.2018;11.06.2018;Васильев
А418МР;04.07.2018;11.06.2018;Виноградов
А432СУ;04.07.2018;11.06.2018;Виноградов
Е632ВТ;04.07.2018;11.06.2018;Фёдоров
Н752УК;04.07.2018;11.06.2018;Попов
Е119ТВ;04.07.2018;11.06.2018;Кузнецов
Е995ТТ;04.07.2018;11.06.2018;Козлов
В703МХ;04.07.2018;11.06.2018;Морозов
В249ЕВ;04.07.2018;11.06.2018;Соколов
Е894РТ;04.07.2018;11.06.2018;Андреев
А783КР;04.07.2018;11.06.2018;Козлов
У095АТ;04.07.2018;11.06.2018;Новиков
О063РХ;04.07.2018;11.06.2018;Михайлов
Е622НА;04.07.2018;11.06.2018;Иванов
У399АМ;04.07.2018;11.06.2018;Новиков
Х183АО;04.07.2018;11.06.2018;Ильин
Р405ЕХ;04.07.2018;11.06.2018;Белов
Т210ТЕ;04.07.2018;11.06.2018;Иванов
Т159СХ;04.07.2018;11.06.2018;Титов
С355ХМ;04.07.2018;11.06.2018;Комаров
С119МН;04.07.2018;11.06.2018;Михайлов
Н962УВ;04.07.2018;11.06.2018;Беляев
У290НМ;04.07.2018;11.06.2018;Иванов
К344НН;04.07.2018;11.06.2018;Волков
С016ХН;04.07.2018;11.06.2018;Волков
К007ВУ;04.07.2018;11.06.2018;Орлов
Р880МТ;04.07.2018;11.06.2018;Комаров
Н697СК;04.07.2018;11.06.2018;Ковалёв
Е722ЕХ;04.07.2018;11.06.2018;Ильин
Р636КЕ;04.07.2018;11.06.2018;Морозов
У847СО;04.07.2018;11.06.2018;Ильин
М605ОЕ;04.07.2018;11.06.2018;Морозов
В608УМ;04.07.2018;11.06.2018;Беляев
Е822ЕН;04.07.2018;11.06.2018;Гусев
Н819ВК;04.07.2018;11.06.2018;Белов
Р794ОЕ;04.07.2018;11.06.2018;Комаров
О432АР;04.07.2018;11.06.2018;Богданов
У002НВ;04.07.2018;11.06.2018;Орлов
Р390АК;04.07.2018;11.06.2018;Гусев
М024УК;04.07.2018;11.06.2018;Ильин
Х407УО;04.07.2018;11.06.2018;Волков
Е373ХА;04.07.2018;11.06.2018;Иванов
С164СС;04.07.2018;11.06.2018;Киселёв
О930НВ;04.07.2018;11.06.2018;Титов
Т953ВО;04.07.2018;11.06.2018;Смирнов
В178ЕЕ;04.07.2018;11.06.2018;Васильев
В639РН;04.07.2018;11.06.2018;Титов
В436АН;04.07.2018;11.06.2018;Беляев
А898АК;04.07.2018;11.06.2018;Павлов
Т809СО;04.07.2018;11.06.2018;Иванов
С046РК;04.07.2018;11.06.2018;Комаров
К591РУ;04.07.2018;11.06.2018;Петров
Х320ХТ;04.07.2018;11.06.2018;Комаров
М825РУ;04.07.2018;11.06.2018;Орлов
О057КМ;04.07.2018;11.06.2018;Новиков
О340ОР;04.07.2018;11.06.2018;Семёнов
Р574ОХ;04.07.2018;11.06.2018;Иванов
М876СВ;04.07.2018;11.06.2018;Титов
К265РТ;04.07.2018;11.06.2018;Комаров
Н936КО;04.07.2018;11.06.2018;Голубев
А348УМ;04.07.2018;11.06.2018;Титов
К770ХМ;04.07.2018;11.06.2018;Воробьёв
С703РХ;04.07.2018;11.06.2018;Виноградов
Х869ВС;04.07.2018;11.06.2018;Соколов
О947АЕ;04.07.2018;11.06.2018;Белов
Р995УМ;04.07.2018;11.06.2018;Смирнов
В125ЕВ;04.07.2018;11.06.2018;Белов
А755ЕР;04.07.2018;11.06.2018;Семёнов
С325ВТ;04.07.2018;11.06.2018;Морозов
О447ХТ;04.07.2018;11.06.2018;Попов
Р069НС;04.07.2018;11.06.2018;Беляев
Н428ОХ;04.07.2018;11.06.2018;Киселёв
К065РХ;04.07.2018;11.06.2018;Тарасов
А280ТО;04.07.2018;11.06.2018;Волков
А887УВ;04.07.2018;11.06.2018;Соловьёв
Х472ТО;04.07.2018;11.06.2018;Новиков
У112УО;04.07.2018;11.06.2018;Киселёв
Р690ВВ;04.07.2018;11.06.2018;Орлов
У530СТ;04.07.2018;11.06.2018;Иванов
Р033НА;04.07.2018;11.06.2018;Макаров
С386ОО;04.07.2018;11.06.2018;Богданов
Н906МС;04.07.2018;11.06.2018;Голубев
